date,y_true,y_pred,residual,abs_error
2014-03-10,38.02,37.758217,0.2617831420898469,0.2617831420898469
2014-03-11,38.27,38.058506,0.2114939880371125,0.2114939880371125
2014-03-12,37.89,38.080357,-0.19035659790039006,0.19035659790039006
2014-03-13,37.7,37.891228,-0.1912277221679659,0.1912277221679659
2014-03-14,38.05,37.766544,0.28345565795898153,0.28345565795898153
2014-03-17,39.55,38.07601,1.4739883422851534,1.4739883422851534
2014-03-18,39.27,37.807743,1.4622569274902375,1.4622569274902375
2014-03-19,40.33,38.024185,2.305814819335936,2.305814819335936
2014-03-20,40.16,37.858475,2.301525268554684,2.301525268554684
2014-03-21,40.5,37.80767,2.6923294067382812,2.6923294067382812
2014-03-24,40.34,38.02281,2.317188110351566,2.317188110351566
2014-03-25,39.79,37.795395,1.9946051025390616,1.9946051025390616
2014-03-26,39.36,37.860897,1.499102935791015,1.499102935791015
2014-03-27,40.3,37.80691,2.493088531494138,2.493088531494138
2014-03-28,40.99,37.98282,3.007181396484377,3.007181396484377
2014-03-31,41.42,38.01048,3.40952102661133,3.40952102661133
2014-04-01,41.35,38.10605,3.2439514160156264,3.2439514160156264
2014-04-02,41.01,38.032516,2.9774835205078105,2.9774835205078105
2014-04-03,39.87,37.494465,2.3755351257324193,2.3755351257324193
2014-04-04,39.8,37.843113,1.9568870544433565,1.9568870544433565
2014-04-07,39.82,40.361706,-0.5417057800292966,0.5417057800292966
2014-04-08,40.47,40.162617,0.30738327026367074,0.30738327026367074
2014-04-09,39.36,40.627052,-1.2670523071289068,1.2670523071289068
2014-04-10,39.209,40.0167,-0.8077007446289031,0.8077007446289031
2014-04-11,39.18,40.19276,-1.0127604675292972,1.0127604675292972
2014-04-14,39.75,39.858673,-0.108673095703125,0.108673095703125
2014-04-15,40.4,40.26524,0.1347602844238267,0.1347602844238267
2014-04-16,40.01,40.682735,-0.6727354431152364,0.6727354431152364
2014-04-17,39.94,40.444496,-0.5044961547851585,0.5044961547851585
2014-04-21,39.99,40.33443,-0.34443069458007614,0.34443069458007614
2014-04-22,39.69,40.396404,-0.7064042663574241,0.7064042663574241
2014-04-23,39.86,39.919834,-0.05983413696289119,0.05983413696289119
2014-04-24,39.91,40.20598,-0.2959783935546909,0.2959783935546909
2014-04-25,40.87,40.200867,0.6691333007812474,0.6691333007812474
2014-04-28,40.51,40.621635,-0.11163543701172074,0.11163543701172074
2014-04-29,40.4,40.44559,-0.045590972900392046,0.045590972900392046
2014-04-30,40.0,40.52599,-0.5259895324707031,0.5259895324707031
2014-05-01,39.69,40.254536,-0.5645356750488304,0.5645356750488304
2014-05-02,39.43,39.972008,-0.542007751464844,0.542007751464844
2014-05-05,39.06,40.12239,-1.0623907470703102,1.0623907470703102
2014-05-06,39.425,39.512566,-0.08756561279297159,0.08756561279297159
2014-05-07,39.64,39.78462,-0.1446183776855463,0.1446183776855463
2014-05-08,39.54,39.88199,-0.34198852539062585,0.34198852539062585
2014-05-09,39.97,39.756783,0.2132174682617176,0.2132174682617176
2014-05-12,40.42,39.963524,0.45647613525390796,0.45647613525390796
2014-05-13,40.24,40.124172,0.11582778930664261,0.11582778930664261
2014-05-14,39.6,40.074802,-0.4748023986816392,0.4748023986816392
2014-05-15,39.83,39.5674,0.26259811401367017,0.26259811401367017
2014-05-16,39.75,39.975292,-0.22529220581054688,0.22529220581054688
2014-05-19,39.68,39.897266,-0.2172663879394534,0.2172663879394534
2014-05-20,40.35,39.797535,0.5524650573730483,0.5524650573730483
2014-05-21,40.1,40.043976,0.05602416992187642,0.05602416992187642
2014-05-22,40.12,39.93043,0.18956863403320057,0.18956863403320057
2014-05-23,40.19,39.91518,0.2748197937011696,0.2748197937011696
2014-05-27,40.01,40.06839,-0.05838989257812699,0.05838989257812699
2014-05-28,40.34,39.882202,0.4577978515625034,0.4577978515625034
2014-05-29,40.94,40.049324,0.8906759643554665,0.8906759643554665
2014-05-30,40.79,40.334606,0.4553938293457023,0.4553938293457023
2014-06-02,40.29,40.258713,0.03128723144531165,0.03128723144531165
2014-06-03,40.32,39.979435,0.34056503295898466,0.34056503295898466
2014-06-04,41.21,40.052246,1.1577539062500009,1.1577539062500009
2014-06-05,41.48,40.31243,1.1675686645507781,1.1675686645507781
2014-06-06,41.27,40.540627,0.7293734741210969,0.7293734741210969
2014-06-09,41.11,40.160133,0.9498666381835932,0.9498666381835932
2014-06-10,40.86,40.066456,0.7935441589355463,0.7935441589355463
2014-06-11,40.58,39.971424,0.6085758972167952,0.6085758972167952
2014-06-12,41.23,39.970924,1.2590756225585906,1.2590756225585906
2014-06-13,41.5,40.507706,0.9922943115234375,0.9922943115234375
2014-06-16,41.68,40.479977,1.2000233459472653,1.2000233459472653
2014-06-17,41.65,40.398937,1.2510627746582017,1.2510627746582017
2014-06-18,41.51,40.468094,1.0419061279296855,1.0419061279296855
2014-06-19,41.68,40.429752,1.250247650146484,1.250247650146484
2014-06-20,41.99,40.490383,1.4996168518066426,1.4996168518066426
2014-06-23,41.745,40.489574,1.2554255676269506,1.2554255676269506
2014-06-24,42.03,40.28641,1.7435887145996105,1.7435887145996105
2014-06-25,41.72,40.50015,1.2198512268066395,1.2198512268066395
2014-06-26,42.25,40.288525,1.9614753723144531,1.9614753723144531
2014-06-27,41.7,40.408237,1.2917625427246122,1.2917625427246122
2014-06-30,41.87,40.28716,1.5828410339355443,1.5828410339355443
2014-07-01,41.9,40.51274,1.387258911132811,1.387258911132811
2014-07-02,41.8,41.770382,0.029618072509762783,0.029618072509762783
2014-07-03,41.99,41.654854,0.33514617919922074,0.33514617919922074
2014-07-07,41.78,41.71239,0.06760910034179801,0.06760910034179801
2014-07-08,41.67,41.704876,-0.03487594604492017,0.03487594604492017
2014-07-09,41.685,41.65286,0.0321412658691429,0.0321412658691429
2014-07-10,42.09,41.820236,0.2697637939453159,0.2697637939453159
2014-07-11,42.14,41.736843,0.4031568908691412,0.4031568908691412
2014-07-14,42.45,41.725655,0.7243453979492216,0.7243453979492216
2014-07-15,44.08,41.70592,2.374078826904295,2.374078826904295
2014-07-16,44.53,41.365158,3.1648419189453136,3.1648419189453136
2014-07-17,44.69,41.30258,3.3874182128906227,3.3874182128906227
2014-07-18,44.835,41.365543,3.4694566345214852,3.4694566345214852
2014-07-21,44.83,41.40204,3.4279614257812483,3.4279614257812483
2014-07-22,44.87,41.4179,3.4520999145507787,3.4520999145507787
2014-07-23,44.4,41.552494,2.847505950927733,2.847505950927733
2014-07-24,44.5,41.48726,3.0127410888671875,3.0127410888671875
2014-07-25,43.97,41.56162,2.4083811950683582,2.4083811950683582
2014-07-28,43.885,41.63582,2.2491815185546855,2.2491815185546855
2014-07-29,43.5785,41.56162,2.0168811950683576,2.0168811950683576
2014-07-30,43.16,41.821804,1.3381959533691372,1.3381959533691372
2014-07-31,42.86,43.391136,-0.5311361694335943,0.5311361694335943
2014-08-01,43.37,43.533394,-0.1633938598632838,0.1633938598632838
2014-08-04,43.08,43.6229,-0.5428981018066423,0.5428981018066423
2014-08-05,42.74,43.588657,-0.8486573791503886,0.8486573791503886
2014-08-06,43.23,43.548634,-0.31863357543945625,0.31863357543945625
2014-08-07,43.2,43.641453,-0.4414527893066378,0.4414527893066378
2014-08-08,43.2,43.582127,-0.3821266174316378,0.3821266174316378
2014-08-11,43.52,43.645638,-0.12563751220702812,0.12563751220702812
2014-08-12,44.08,43.679173,0.40082748413085767,0.40082748413085767
2014-08-13,44.27,44.086548,0.18345214843750313,0.18345214843750313
2014-08-14,44.79,44.20432,0.5856809997558585,0.5856809997558585
2014-08-15,45.11,44.472702,0.6372979736328119,0.6372979736328119
2014-08-18,45.33,44.361317,0.9686833190917952,0.9686833190917952
2014-08-19,44.95,44.395924,0.5540763854980497,0.5540763854980497
2014-08-20,45.22,44.10097,1.1190287780761707,1.1190287780761707
2014-08-21,45.15,44.081448,1.0685523986816392,1.0685523986816392
2014-08-22,45.17,44.105804,1.0641955566406267,1.0641955566406267
2014-08-25,45.005,44.102222,0.9027775573730494,0.9027775573730494
2014-08-26,44.87,44.129944,0.7400561523437474,0.7400561523437474
2014-08-27,44.88,44.028973,0.8510273742675807,0.8510273742675807
2014-08-28,45.43,44.812737,0.617263488769531,0.617263488769531
2014-08-29,45.09,44.762035,0.32796463012695654,0.32796463012695654
2014-09-02,44.96,44.619255,0.3407449340820321,0.3407449340820321
2014-09-03,45.26,44.649815,0.6101853942871074,0.6101853942871074
2014-09-04,45.91,44.821144,1.0888558959960903,1.0888558959960903
2014-09-05,46.47,44.604675,1.8653247070312489,1.8653247070312489
2014-09-08,46.76,44.671688,2.0883119201660136,2.0883119201660136
2014-09-09,46.84,44.906002,1.933997955322269,1.933997955322269
2014-09-10,47.0,44.773643,2.2263565063476562,2.2263565063476562
2014-09-11,46.695,44.897568,1.7974322509765628,1.7974322509765628
2014-09-12,46.24,44.746964,1.4930364990234395,1.4930364990234395
2014-09-15,46.76,44.641945,2.1180551147460918,2.1180551147460918
2014-09-16,46.52,44.761845,1.7581553649902375,1.7581553649902375
2014-09-17,46.68,44.67315,2.006850891113281,2.006850891113281
2014-09-18,47.52,44.878437,2.641562957763675,2.641562957763675
2014-09-19,47.06,44.539837,2.5201631164550804,2.5201631164550804
2014-09-22,46.56,44.75652,1.8034806823730491,1.8034806823730491
2014-09-23,47.08,44.753258,2.3267422485351545,2.3267422485351545
2014-09-24,46.04,44.53399,1.5060110473632804,1.5060110473632804
2014-09-25,46.41,44.4416,1.9683992004394497,1.9683992004394497
2014-09-26,46.44,46.51473,-0.0747285461425804,0.0747285461425804
2014-09-29,46.36,46.401386,-0.04138626098632869,0.04138626098632869
2014-09-30,45.9,46.630775,-0.7307754516601577,0.7307754516601577
2014-10-01,45.76,46.396523,-0.6365225219726582,0.6365225219726582
2014-10-02,46.09,46.20609,-0.11608901977538721,0.11608901977538721
2014-10-03,46.09,46.359047,-0.26904693603515284,0.26904693603515284
2014-10-06,45.53,46.318874,-0.7888743591308582,0.7888743591308582
2014-10-07,46.78,46.307487,0.4725125122070324,0.4725125122070324
2014-10-08,45.85,46.426666,-0.5766662597656236,0.5766662597656236
2014-10-09,44.03,46.412422,-2.38242218017578,2.38242218017578
2014-10-10,43.65,45.66637,-2.0163703918457045,2.0163703918457045
2014-10-13,43.73,44.994946,-1.26494552612305,1.26494552612305
2014-10-14,43.22,45.015175,-1.7951748657226574,1.7951748657226574
2014-10-15,42.74,44.088234,-1.3482339477539043,1.3482339477539043
2014-10-16,43.63,43.91166,-0.2816592407226537,0.2816592407226537
2014-10-17,44.08,44.479298,-0.39929763793945483,0.39929763793945483
2014-10-20,44.88,44.83882,0.04117858886719006,0.04117858886719006
2014-10-21,44.38,45.56656,-1.1865588378906224,1.1865588378906224
2014-10-22,45.02,45.747032,-0.7270321655273406,0.7270321655273406
2014-10-23,46.13,45.77274,0.35726058959961193,0.35726058959961193
2014-10-24,45.91,45.937107,-0.027107086181644036,0.027107086181644036
2014-10-27,46.49,45.8035,0.6864988708496114,0.6864988708496114
2014-10-28,46.62,46.40293,0.2170687866210912,0.2170687866210912
2014-10-29,46.05,46.536457,-0.48645706176758097,0.48645706176758097
2014-10-30,46.95,46.232418,0.7175819396972685,0.7175819396972685
2014-10-31,47.44,46.445236,0.9947637939453102,0.9947637939453102
2014-11-03,47.57,46.0104,1.5596011352539065,1.5596011352539065
2014-11-04,47.86,46.466656,1.3933442687988276,1.3933442687988276
2014-11-05,48.7,46.53631,2.163691711425784,2.163691711425784
2014-11-06,48.68,46.529312,2.150687866210937,2.150687866210937
2014-11-07,48.89,46.420013,2.4699865722656256,2.4699865722656256
2014-11-10,48.87,46.67349,2.196511383056638,2.196511383056638
2014-11-11,48.78,46.454178,2.3258221435546886,2.3258221435546886
2014-11-12,49.61,46.3854,3.2246011352539057,3.2246011352539057
2014-11-13,49.58,46.43202,3.1479817199707014,3.1479817199707014
2014-11-14,49.46,46.25561,3.2043885803222665,3.2043885803222665
2014-11-17,48.74,46.52824,2.21175979614258,2.21175979614258
2014-11-18,48.22,46.325542,1.894457550048827,1.894457550048827
2014-11-19,48.7,46.2381,2.461901855468753,2.461901855468753
2014-11-20,47.98,46.102345,1.8776554870605437,1.8776554870605437
2014-11-21,47.59,48.023838,-0.4338380432128872,0.4338380432128872
2014-11-24,47.47,48.141914,-0.6719143676757824,0.6719143676757824
2014-11-25,47.75,47.956852,-0.20685195922851562,0.20685195922851562
2014-11-26,47.81,48.007496,-0.19749588012695085,0.19749588012695085
2014-11-28,48.62,48.42278,0.19722091674804432,0.19722091674804432
2014-12-01,48.46,48.564342,-0.10434249877929602,0.10434249877929602
2014-12-02,48.08,48.57016,-0.4901599121093767,0.4901599121093767
2014-12-03,48.84,48.221054,0.6189459228515659,0.6189459228515659
2014-12-04,48.42,48.61278,-0.19278152465820142,0.19278152465820142
2014-12-05,47.695,48.37997,-0.6849705505371091,0.6849705505371091
2014-12-08,47.59,48.20799,-0.6179887390136685,0.6179887390136685
2014-12-09,46.9,47.383373,-0.4833732604980483,0.4833732604980483
2014-12-10,47.17,47.62224,-0.4522381591796858,0.4522381591796858
2014-12-11,46.95,47.450817,-0.500817108154294,0.500817108154294
2014-12-12,46.67,47.17853,-0.5085316467285139,0.5085316467285139
2014-12-15,45.16,47.2998,-2.139800872802738,2.139800872802738
2014-12-16,45.74,45.679024,0.06097625732422074,0.06097625732422074
2014-12-17,47.52,45.50416,2.0158381652832063,2.0158381652832063
2014-12-18,47.66,46.438103,1.2218972778320278,1.2218972778320278
2014-12-19,47.98,46.789658,1.1903424072265594,1.1903424072265594
2014-12-22,48.45,48.48034,-0.030339050292965908,0.030339050292965908
2014-12-23,48.14,48.597603,-0.4576028442382807,0.4576028442382807
2014-12-24,47.88,48.30351,-0.4235087585449193,0.4235087585449193
2014-12-26,47.45,48.291424,-0.841423797607419,0.841423797607419
2014-12-29,47.02,47.74052,-0.7205204772949187,0.7205204772949187
2014-12-30,46.45,47.1658,-0.7157981872558565,0.7157981872558565
2014-12-31,46.76,46.546402,0.2135980224609355,0.2135980224609355
2015-01-02,46.325,46.756737,-0.4317367553710909,0.4317367553710909
2015-01-05,45.65,46.455894,-0.8058944702148452,0.8058944702148452
2015-01-06,46.23,45.698544,0.5314564514160125,0.5314564514160125
2015-01-07,47.59,46.56509,1.024909820556644,1.024909820556644
2015-01-08,47.19,47.375328,-0.18532806396484602,0.18532806396484602
2015-01-09,46.6,46.84554,-0.2455390930175767,0.2455390930175767
2015-01-12,46.355,46.102478,0.2525219726562469,0.2525219726562469
2015-01-13,45.955,45.961212,-0.006212158203126705,0.006212158203126705
2015-01-14,45.48,46.458214,-0.9782138061523469,0.9782138061523469
2015-01-15,46.24,45.78921,0.4507887268066426,0.4507887268066426
2015-01-16,46.39,46.184307,0.2056929016113287,0.2056929016113287
2015-01-20,45.92,46.08441,-0.1644116210937483,0.1644116210937483
2015-01-21,47.13,46.237793,0.8922070312500026,0.8922070312500026
2015-01-22,47.18,46.555412,0.624587707519531,0.624587707519531
2015-01-23,47.01,46.65399,0.356008300781248,0.356008300781248
2015-01-26,42.66,46.841225,-4.18122467041016,4.18122467041016
2015-01-27,41.19,43.322723,-2.1327233886718773,2.1327233886718773
2015-01-28,42.01,42.91622,-0.9062216186523457,0.9062216186523457
2015-01-29,40.4,42.044975,-1.6449752807617202,1.6449752807617202
2015-01-30,41.28,41.09781,0.18219116210937614,0.18219116210937614
2015-02-02,41.6,41.641468,-0.041468048095701704,0.041468048095701704
2015-02-03,41.84,41.89283,-0.05282989501952784,0.05282989501952784
2015-02-04,42.45,42.0558,0.39419860839844034,0.39419860839844034
2015-02-05,42.41,42.738853,-0.32885345458984716,0.32885345458984716
2015-02-06,42.36,43.19535,-0.8353506469726568,0.8353506469726568
2015-02-09,42.6,43.048264,-0.4482635498046861,0.4482635498046861
2015-02-10,42.38,43.18107,-0.8010684204101537,0.8010684204101537
2015-02-11,43.09,43.15571,-0.06570831298827784,0.06570831298827784
2015-02-12,43.87,43.342743,0.5272570800781224,0.5272570800781224
2015-02-13,43.58,43.77188,-0.1918811035156267,0.1918811035156267
2015-02-17,43.53,43.51618,0.013821868896485512,0.013821868896485512
2015-02-18,43.5,43.531883,-0.03188323974609375,0.03188323974609375
2015-02-19,43.855,43.303455,0.5515446472167937,0.5515446472167937
2015-02-20,44.15,43.675762,0.4742378234863267,0.4742378234863267
2015-02-23,44.09,44.36833,-0.27832809448241846,0.27832809448241846
2015-02-24,43.99,44.332962,-0.3429620361328105,0.3429620361328105
2015-02-25,44.055,43.734722,0.32027786254882784,0.32027786254882784
2015-02-26,43.85,43.760254,0.08974609375000142,0.08974609375000142
2015-02-27,43.88,43.592304,0.28769577026367443,0.28769577026367443
2015-03-02,43.28,43.882732,-0.6027323913574207,0.6027323913574207
2015-03-03,43.055,43.232178,-0.17717773437500028,0.17717773437500028
2015-03-04,43.11,43.201126,-0.09112609863281307,0.09112609863281307
2015-03-05,42.36,43.314716,-0.9547163391113287,0.9547163391113287
2015-03-06,42.85,42.228455,0.6215454101562514,0.6215454101562514
2015-03-09,42.03,42.775726,-0.7457263183593739,0.7457263183593739
2015-03-10,41.98,42.136414,-0.15641357421875313,0.15641357421875313
2015-03-11,41.02,42.073463,-1.0534634399414031,1.0534634399414031
2015-03-12,41.38,41.16584,0.2141598510742213,0.2141598510742213
2015-03-13,41.56,41.36257,0.19742828369140852,0.19742828369140852
2015-03-16,41.695,41.632366,0.06263381958007841,0.06263381958007841
2015-03-17,42.5,41.668808,0.8311920166015625,0.8311920166015625
2015-03-18,42.285,42.033566,0.2514344787597622,0.2514344787597622
2015-03-19,42.88,42.884876,-0.004876251220700567,0.004876251220700567
2015-03-20,42.855,43.199448,-0.3444476318359406,0.3444476318359406
2015-03-23,42.9,43.096745,-0.19674453735351705,0.19674453735351705
2015-03-24,41.46,43.172493,-1.7124929809570304,1.7124929809570304
2015-03-25,41.21,42.097744,-0.8877439880371085,0.8877439880371085
2015-03-26,40.97,41.268414,-0.298413543701173,0.298413543701173
2015-03-27,40.96,40.911304,0.04869552612304773,0.04869552612304773
2015-03-30,40.655,41.244164,-0.5891635131835926,0.5891635131835926
2015-03-31,40.72,40.93983,-0.219830780029298,0.219830780029298
2015-04-01,40.29,41.100338,-0.8103379821777352,0.8103379821777352
2015-04-02,41.545,40.696907,0.8480929565429705,0.8480929565429705
2015-04-06,41.53,41.44748,0.08252075195312614,0.08252075195312614
2015-04-07,41.42,41.82382,-0.40381820678710767,0.40381820678710767
2015-04-08,41.48,41.759247,-0.2792468261718781,0.2792468261718781
2015-04-09,41.72,41.663048,0.05695220947265511,0.05695220947265511
2015-04-10,41.76,41.872963,-0.11296295166015824,0.11296295166015824
2015-04-13,41.65,41.997627,-0.34762725830078267,0.34762725830078267
2015-04-14,42.255,41.844208,0.41079223632812756,0.41079223632812756
2015-04-15,42.16,42.174892,-0.014892425537112786,0.014892425537112786
2015-04-16,41.615,41.984715,-0.36971450805663864,0.36971450805663864
2015-04-17,42.905,41.804512,1.1004879760742199,1.1004879760742199
2015-04-20,42.635,42.25509,0.37991119384765426,0.37991119384765426
2015-04-21,42.985,42.567013,0.41798721313476506,0.41798721313476506
2015-04-22,43.34,42.735115,0.6048849487304722,0.6048849487304722
2015-04-23,47.87,43.265324,4.604676361083982,4.604676361083982
2015-04-24,48.03,46.57312,1.4568798828125011,1.4568798828125011
2015-04-27,49.155,47.430717,1.7242825317382824,1.7242825317382824
2015-04-28,49.06,48.090202,0.9697976684570335,0.9697976684570335
2015-04-29,48.64,48.032757,0.6072431945800787,0.6072431945800787
2015-04-30,48.655,48.03814,0.6168606567382824,0.6168606567382824
2015-05-01,48.24,48.257446,-0.01744628906249801,0.01744628906249801
2015-05-04,47.6,48.164616,-0.5646156311035142,0.5646156311035142
2015-05-05,46.28,47.808765,-1.528765411376952,1.528765411376952
2015-05-06,46.7,45.380188,1.3198120117187528,1.3198120117187528
2015-05-07,47.75,46.25235,1.497650146484375,1.497650146484375
2015-05-08,47.37,47.91396,-0.5439595031738307,0.5439595031738307
2015-05-11,47.35,47.357887,-0.007887268066404829,0.007887268066404829
2015-05-12,47.625,46.954876,0.6701240539550781,0.6701240539550781
2015-05-13,48.72,47.736874,0.9831263732910145,0.9831263732910145
2015-05-14,48.295,48.491898,-0.1968975830078108,0.1968975830078108
2015-05-15,48.01,48.073708,-0.06370758056640824,0.06370758056640824
2015-05-18,47.58,48.000725,-0.42072479248047046,0.42072479248047046
2015-05-19,47.58,47.442337,0.1376629638671858,0.1376629638671858
2015-05-20,47.42,47.610516,-0.19051559448242017,0.19051559448242017
2015-05-21,46.9,46.759567,0.14043273925781108,0.14043273925781108
2015-05-22,46.59,46.589764,0.0002363586425815356,0.0002363586425815356
2015-05-26,47.61,46.24923,1.3607705688476557,1.3607705688476557
2015-05-27,47.45,47.29015,0.15985031127929972,0.15985031127929972
2015-05-28,46.86,47.20036,-0.34035934448242244,0.34035934448242244
2015-05-29,47.23,46.676353,0.5536465454101531,0.5536465454101531
2015-06-01,46.92,47.202404,-0.28240402221679517,0.28240402221679517
2015-06-02,46.85,46.283043,0.5669570922851577,0.5669570922851577
2015-06-03,46.36,46.22116,0.13883911132812443,0.13883911132812443
2015-06-04,46.14,46.026543,0.11345733642578182,0.11345733642578182
2015-06-05,45.73,46.11129,-0.3812899780273469,0.3812899780273469
2015-06-08,45.65,46.150486,-0.500485992431642,0.500485992431642
2015-06-09,46.61,46.011543,0.5984567260742182,0.5984567260742182
2015-06-10,46.44,46.32282,0.1171812438964821,0.1171812438964821
2015-06-11,45.97,45.97652,-0.006520538330079262,0.006520538330079262
2015-06-12,45.475,46.068554,-0.5935539245605455,0.5935539245605455
2015-06-15,45.83,45.61415,0.2158489990234358,0.2158489990234358
2015-06-16,45.97,46.343372,-0.37337234497070426,0.37337234497070426
2015-06-17,46.72,46.1548,0.5651995849609364,0.5651995849609364
2015-06-18,46.1,46.499786,-0.3997863769531236,0.3997863769531236
2015-06-19,46.23,46.12862,0.10137985229491875,0.10137985229491875
2015-06-22,45.91,46.53987,-0.6298712158203159,0.6298712158203159
2015-06-23,45.635,46.06239,-0.42738937377929886,0.42738937377929886
2015-06-24,45.65,46.039253,-0.38925323486328267,0.38925323486328267
2015-06-25,45.26,45.969654,-0.7096540832519551,0.7096540832519551
2015-06-26,44.37,45.593513,-1.2235134887695338,1.2235134887695338
2015-06-29,44.15,44.551266,-0.4012657165527358,0.4012657165527358
2015-06-30,44.445,44.309063,0.1359370422363284,0.1359370422363284
2015-07-01,44.4,44.246532,0.1534675598144517,0.1534675598144517
2015-07-02,44.39,44.32813,0.06187118530273494,0.06187118530273494
2015-07-06,44.3,44.035297,0.26470260620116903,0.26470260620116903
2015-07-07,44.24,44.01035,0.22965072631836136,0.22965072631836136
2015-07-08,44.52,44.289524,0.2304759216308625,0.2304759216308625
2015-07-09,44.61,44.919575,-0.3095747375488287,0.3095747375488287
2015-07-10,45.54,44.892178,0.6478224182128898,0.6478224182128898
2015-07-13,45.62,45.833103,-0.21310317993164318,0.21310317993164318
2015-07-14,45.76,45.99248,-0.23248123168945511,0.23248123168945511
2015-07-15,46.66,45.84883,0.8111688232421841,0.8111688232421841
2015-07-16,46.62,46.38287,0.23713027954101307,0.23713027954101307
2015-07-17,46.92,46.26346,0.6565417480468767,0.6565417480468767
2015-07-20,47.28,46.780468,0.49953201293945426,0.49953201293945426
2015-07-21,45.54,46.93273,-1.3927316284179696,1.3927316284179696
2015-07-22,46.11,45.87344,0.23656021118164006,0.23656021118164006
2015-07-23,45.94,46.612476,-0.6724763488769554,0.6724763488769554
2015-07-24,45.35,46.23777,-0.8877700805664048,0.8877700805664048
2015-07-27,45.34,45.66136,-0.3213616943359341,0.3213616943359341
2015-07-28,46.29,45.45165,0.838351287841796,0.838351287841796
2015-07-29,46.88,46.277668,0.6023320007324244,0.6023320007324244
2015-07-30,46.7,46.552906,0.14709396362304972,0.14709396362304972
2015-07-31,46.81,46.33453,0.4754701232910179,0.4754701232910179
2015-08-03,47.54,46.767616,0.7723837280273429,0.7723837280273429
2015-08-04,47.58,47.414593,0.16540725708007642,0.16540725708007642
2015-08-05,46.62,47.363396,-0.7433956909179713,0.7433956909179713
2015-08-06,46.74,46.755924,-0.015924224853513635,0.015924224853513635
2015-08-07,47.33,46.66835,0.6616497802734358,0.6616497802734358
2015-08-10,46.41,46.928905,-0.5189054870605503,0.5189054870605503
2015-08-11,46.74,46.344097,0.3959028625488301,0.3959028625488301
2015-08-12,46.73,46.752464,-0.022464294433596876,0.022464294433596876
2015-08-13,47.0,46.58541,0.41458892822265625,0.41458892822265625
2015-08-14,47.32,46.770237,0.5497630310058597,0.5497630310058597
2015-08-17,47.27,46.79954,0.47045852661133125,0.47045852661133125
2015-08-18,46.61,46.71364,-0.10363830566406307,0.10363830566406307
2015-08-19,45.66,46.54899,-0.8889883422851597,0.8889883422851597
2015-08-20,43.07,45.870502,-2.800502471923828,2.800502471923828
2015-08-21,41.68,43.583656,-1.9036563110351565,1.9036563110351565
2015-08-24,40.47,41.55222,-1.0822193908691418,1.0822193908691418
2015-08-25,42.71,41.153545,1.556454620361329,1.556454620361329
2015-08-26,43.9,42.039005,1.860994720458983,1.860994720458983
2015-08-27,43.93,44.43051,-0.5005114746093753,0.5005114746093753
2015-08-28,43.52,44.128834,-0.60883377075195,0.60883377075195
2015-08-31,41.82,43.782536,-1.9625355529785153,1.9625355529785153
2015-09-01,43.36,42.006317,1.3536828613281244,1.3536828613281244
2015-09-02,43.5,44.08019,-0.5801887512207031,0.5801887512207031
2015-09-03,42.61,44.12003,-1.5100294494628912,1.5100294494628912
2015-09-04,43.89,42.563633,1.32636703491211,1.32636703491211
2015-09-08,43.07,44.245506,-1.1755062866210935,1.1755062866210935
2015-09-09,43.29,43.671425,-0.3814248657226571,0.3814248657226571
2015-09-10,43.48,43.230118,0.24988220214843437,0.24988220214843437
2015-09-11,43.04,43.723877,-0.6838769531250009,0.6838769531250009
2015-09-14,43.98,43.00063,0.9793705749511687,0.9793705749511687
2015-09-15,44.3,43.983604,0.3163955688476534,0.3163955688476534
2015-09-16,44.25,44.376682,-0.12668228149414062,0.12668228149414062
2015-09-17,43.48,44.342896,-0.8628955078125031,0.8628955078125031
2015-09-18,44.11,43.584305,0.5256951904296869,0.5256951904296869
2015-09-21,43.9,44.37944,-0.4794403076171889,0.4794403076171889
2015-09-22,43.87,43.926746,-0.05674636840820568,0.05674636840820568
2015-09-23,43.91,43.43331,0.47668853759765284,0.47668853759765284
2015-09-24,43.94,43.746185,0.19381469726562273,0.19381469726562273
2015-09-25,43.29,43.61909,-0.3290910339355477,0.3290910339355477
2015-09-28,43.44,43.245117,0.19488281249999773,0.19488281249999773
2015-09-29,44.26,43.32017,0.9398286437988261,0.9398286437988261
2015-09-30,44.61,44.36931,0.24069152832031193,0.24069152832031193
2015-10-01,45.57,44.507153,1.0628474426269534,1.0628474426269534
2015-10-02,46.63,44.82457,1.805430297851565,1.805430297851565
2015-10-05,46.75,46.59056,0.1594390869140625,0.1594390869140625
2015-10-06,46.8,46.63487,0.16513137817382528,0.16513137817382528
2015-10-07,47.45,46.48803,0.9619705200195341,0.9619705200195341
2015-10-08,47.11,47.21413,-0.1041304016113287,0.1041304016113287
2015-10-09,47.0,46.548218,0.4517822265625,0.4517822265625
2015-10-12,46.89,46.931908,-0.04190765380859318,0.04190765380859318
2015-10-13,46.68,46.604237,0.07576339721679659,0.07576339721679659
2015-10-14,47.01,46.22837,0.7816293334960918,0.7816293334960918
2015-10-15,47.51,46.60783,0.9021699523925761,0.9021699523925761
2015-10-16,47.62,47.172478,0.4475222778320287,0.4475222778320287
2015-10-19,47.77,47.54268,0.22732116699219063,0.22732116699219063
2015-10-20,47.2,47.883984,-0.683983612060544,0.683983612060544
2015-10-21,48.03,47.18191,0.8480885314941418,0.8480885314941418
2015-10-22,52.87,48.444595,4.425404663085935,4.425404663085935
2015-10-23,54.25,48.092403,6.157596588134766,6.157596588134766
2015-10-26,53.69,48.648468,5.041531982421873,5.041531982421873
2015-10-27,53.98,48.21305,5.766949157714841,5.766949157714841
2015-10-28,53.36,48.545456,4.814544067382812,4.814544067382812
2015-10-29,52.64,48.108368,4.531632080078126,4.531632080078126
2015-10-30,53.24,48.365307,4.874693145751955,4.874693145751955
2015-11-02,54.15,48.343388,5.806612396240233,5.806612396240233
2015-11-03,54.4,48.381466,6.018534088134764,6.018534088134764
2015-11-04,54.38,48.70075,5.679251556396487,5.679251556396487
2015-11-05,54.92,53.22287,1.6971301269531267,1.6971301269531267
2015-11-06,54.16,53.332096,0.827903900146481,0.827903900146481
2015-11-09,53.51,52.949444,0.5605561828613261,0.5605561828613261
2015-11-10,53.65,53.504158,0.14584197998046733,0.14584197998046733
2015-11-11,53.32,53.330692,-0.01069229125976534,0.01069229125976534
2015-11-12,52.84,53.109768,-0.26976791381835596,0.26976791381835596
2015-11-13,53.765,52.39998,1.365021362304688,1.365021362304688
2015-11-16,52.97,53.429974,-0.459973602294923,0.459973602294923
2015-11-17,53.85,53.127525,0.7224746704101577,0.7224746704101577
2015-11-18,53.94,53.29606,0.6439413452148415,0.6439413452148415
2015-11-19,54.19,53.0279,1.1620993041992165,1.1620993041992165
2015-11-20,54.19,53.535725,0.6542753601074196,0.6542753601074196
2015-11-23,54.25,52.882454,1.3675460815429688,1.3675460815429688
2015-11-24,53.69,52.945915,0.744084777832029,0.744084777832029
2015-11-25,53.93,52.661144,1.2688557434082028,1.2688557434082028
2015-11-27,54.35,53.05411,1.2958885192871108,1.2958885192871108
2015-11-30,55.22,53.563698,1.6563021850585926,1.6563021850585926
2015-12-01,55.21,53.565666,1.644333801269532,1.644333801269532
2015-12-02,54.2,53.132893,1.0671073913574247,1.0671073913574247
2015-12-03,55.91,53.47138,2.438621673583981,2.438621673583981
2015-12-04,55.81,54.64002,1.1699815368652366,1.1699815368652366
2015-12-07,55.79,53.906723,1.8832769775390616,1.8832769775390616
2015-12-08,54.98,54.02151,0.9584889221191375,0.9584889221191375
2015-12-09,55.27,54.0691,1.2009005737304719,1.2009005737304719
2015-12-10,54.06,54.110275,-0.050275268554685226,0.050275268554685226
2015-12-11,55.14,54.04087,1.0991293334960943,1.0991293334960943
2015-12-14,55.2,54.154312,1.0456878662109403,1.0456878662109403
2015-12-15,56.13,54.058086,2.0719136047363307,2.0719136047363307
2015-12-16,55.7,54.2427,1.457301330566409,1.457301330566409
2015-12-17,54.13,53.972588,0.1574124145507838,0.1574124145507838
2015-12-18,54.83,54.73134,0.0986614990234358,0.0986614990234358
2015-12-21,55.35,54.132786,1.2172142028808608,1.2172142028808608
2015-12-22,55.82,54.09337,1.7266314697265628,1.7266314697265628
2015-12-23,55.67,54.092052,1.5779475402832048,1.5779475402832048
2015-12-24,55.95,53.931606,2.0183937072753935,2.0183937072753935
2015-12-28,56.55,54.112095,2.4379051208496065,2.4379051208496065
2015-12-29,56.31,54.05145,2.258551177978518,2.258551177978518
2015-12-30,55.48,53.931606,1.5483937072753875,1.5483937072753875
2015-12-31,54.8,53.988728,0.811272430419919,0.811272430419919
2016-01-04,55.05,53.922462,1.127537536621091,1.127537536621091
2016-01-05,54.05,55.149487,-1.0994865417480497,1.0994865417480497
2016-01-06,52.17,54.671722,-2.5017224121093733,2.5017224121093733
2016-01-07,52.33,53.705,-1.3750018310546892,1.3750018310546892
2016-01-08,52.3,54.035378,-1.735377502441409,1.735377502441409
2016-01-11,52.78,53.911896,-1.1318957519531239,1.1318957519531239
2016-01-12,51.64,53.873802,-2.233802185058593,2.233802185058593
2016-01-13,53.11,53.7996,-0.6895986938476568,0.6895986938476568
2016-01-14,50.99,53.09151,-2.101510772705076,2.101510772705076
2016-01-15,50.56,52.769745,-2.2097448730468727,2.2097448730468727
2016-01-19,50.79,52.660168,-1.8701676940917977,1.8701676940917977
2016-01-20,50.48,52.808014,-2.328013916015628,2.328013916015628
2016-01-21,52.29,52.47679,-0.18679138183593835,0.18679138183593835
2016-01-22,51.79,52.665432,-0.8754319763183602,0.8754319763183602
2016-01-25,52.17,52.5713,-0.40130050659179517,0.40130050659179517
2016-01-26,51.22,52.628437,-1.4084370422363293,1.4084370422363293
2016-01-27,52.055,52.4307,-0.3756983947753909,0.3756983947753909
2016-01-28,55.09,52.60862,2.481380310058597,2.481380310058597
2016-01-29,54.71,54.257446,0.45255371093750085,0.45255371093750085
2016-02-01,53.0,54.011528,-1.0115280151367188,1.0115280151367188
2016-02-02,52.16,53.73926,-1.579261627197269,1.579261627197269
2016-02-03,52.0,52.508858,-0.5088577270507812,0.5088577270507812
2016-02-04,50.16,52.227325,-2.0673254394531284,2.0673254394531284
2016-02-05,49.41,51.710957,-2.3009565734863315,2.3009565734863315
2016-02-08,49.28,51.024696,-1.7446963500976551,1.7446963500976551
2016-02-09,49.71,51.007313,-1.2973127746582023,1.2973127746582023
2016-02-10,49.69,50.778046,-1.0880456542968773,1.0880456542968773
2016-02-11,50.5,50.85899,-0.3589897155761719,0.3589897155761719
2016-02-12,51.09,51.11485,-0.024849090576168464,0.024849090576168464
2016-02-16,52.42,51.676174,0.7438258361816423,0.7438258361816423
2016-02-17,52.19,51.84989,0.3401083374023415,0.3401083374023415
2016-02-18,51.82,52.035706,-0.21570556640624972,0.21570556640624972
2016-02-19,52.65,51.933044,0.7169555664062486,0.7169555664062486
2016-02-22,51.18,52.89839,-1.7183917236328128,1.7183917236328128
2016-02-23,51.36,52.11539,-0.7553907775878912,0.7553907775878912
2016-02-24,52.1,51.178486,0.9215141296386733,0.9215141296386733
2016-02-25,51.3,51.779648,-0.47964782714844034,0.47964782714844034
2016-02-26,50.88,52.220573,-1.3405734252929662,1.3405734252929662
2016-02-29,52.58,51.480953,1.099046783447264,1.099046783447264
2016-03-01,52.95,51.65827,1.2917282104492216,1.2917282104492216
2016-03-02,52.35,52.41559,-0.06558837890624858,0.06558837890624858
2016-03-03,52.03,51.951103,0.07889678955078239,0.07889678955078239
2016-03-04,51.03,51.9111,-0.8810984802246082,0.8810984802246082
2016-03-07,51.65,51.405464,0.24453582763671733,0.24453582763671733
2016-03-08,52.84,51.71832,1.121681060791019,1.121681060791019
2016-03-09,52.05,52.122276,-0.07227630615234659,0.07227630615234659
2016-03-10,53.07,51.55538,1.5146182250976565,1.5146182250976565
2016-03-11,53.17,52.514393,0.6556071472167986,0.6556071472167986
2016-03-14,53.59,53.125557,0.46444305419922216,0.46444305419922216
2016-03-15,54.35,53.102093,1.2479072570800795,1.2479072570800795
2016-03-16,54.66,54.141922,0.5180780029296841,0.5180780029296841
2016-03-17,53.49,54.419018,-0.9290177917480449,0.9290177917480449
2016-03-18,53.86,53.610634,0.24936614990234318,0.24936614990234318
2016-03-21,54.07,53.413868,0.6561320495605472,0.6561320495605472
2016-03-22,53.97,54.075253,-0.10525253295898551,0.10525253295898551
2016-03-23,54.21,53.94352,0.2664804077148446,0.2664804077148446
2016-03-24,53.54,54.156246,-0.6162461853027352,0.6162461853027352
2016-03-28,54.71,53.487354,1.2226457214355477,1.2226457214355477
2016-03-29,55.05,54.35783,0.6921699523925753,0.6921699523925753
2016-03-30,55.23,54.742825,0.4871754455566375,0.4871754455566375
2016-03-31,55.57,54.803036,0.7669642639160159,0.7669642639160159
2016-04-01,55.43,55.339767,0.09023254394531222,0.09023254394531222
2016-04-04,54.56,55.032154,-0.47215408325195085,0.47215408325195085
2016-04-05,55.12,55.028786,0.09121429443359119,0.09121429443359119
2016-04-06,54.46,54.973618,-0.5136175537109366,0.5136175537109366
2016-04-07,54.42,54.667015,-0.24701507568359204,0.24701507568359204
2016-04-08,54.31,54.839973,-0.529973449707029,0.529973449707029
2016-04-11,54.65,54.68786,-0.03785858154297017,0.03785858154297017
2016-04-12,55.35,54.651917,0.6980834960937514,0.6980834960937514
2016-04-13,55.36,55.100204,0.25979553222656193,0.25979553222656193
2016-04-14,55.65,55.09643,0.5535682678222642,0.5535682678222642
2016-04-15,56.46,55.17052,1.2894792175292977,1.2894792175292977
2016-04-18,56.39,55.75899,0.6310087585449224,0.6310087585449224
2016-04-19,55.59,55.11777,0.4722288513183628,0.4722288513183628
2016-04-20,55.78,54.9209,0.8591015625000011,0.8591015625000011
2016-04-21,51.78,54.92488,-3.1448809814453114,3.1448809814453114
2016-04-22,52.11,51.59015,0.5198510742187494,0.5198510742187494
2016-04-25,51.44,51.866207,-0.42620712280273665,0.42620712280273665
2016-04-26,50.94,51.316013,-0.3760133361816429,0.3760133361816429
2016-04-27,49.9,51.19946,-1.2994590759277358,1.2994590759277358
2016-04-28,49.87,49.84559,0.024411315917966192,0.024411315917966192
2016-04-29,50.61,50.03221,0.5777886962890619,0.5777886962890619
2016-05-02,49.78,51.12642,-1.3464190673828114,1.3464190673828114
2016-05-03,49.87,50.0447,-0.1747006225585963,0.1747006225585963
2016-05-04,49.94,50.18341,-0.24341064453125227,0.24341064453125227
2016-05-05,50.39,50.199314,0.19068588256835994,0.19068588256835994
2016-05-06,50.07,50.463646,-0.39364593505859347,0.39364593505859347
2016-05-09,51.02,51.03325,-0.013248901367184374,0.013248901367184374
2016-05-10,51.05,51.543262,-0.49326248168945597,0.49326248168945597
2016-05-11,51.51,51.898937,-0.38893722534179886,0.38893722534179886
2016-05-12,51.08,52.086266,-1.0062655639648455,1.0062655639648455
2016-05-13,51.83,51.64285,0.18715103149413892,0.18715103149413892
2016-05-16,50.51,52.231182,-1.7211820983886739,1.7211820983886739
2016-05-17,50.81,51.257286,-0.4472860717773415,0.4472860717773415
2016-05-18,50.32,51.39504,-1.0750386047363278,1.0750386047363278
2016-05-19,50.62,50.597706,0.022294158935544317,0.022294158935544317
2016-05-20,50.03,51.35501,-1.3250109863281239,1.3250109863281239
2016-05-23,51.59,50.866703,0.7232969665527378,0.7232969665527378
2016-05-24,52.12,52.06861,0.05138885498046619,0.05138885498046619
2016-05-25,51.89,52.180325,-0.2903245544433588,0.2903245544433588
2016-05-26,52.32,51.999622,0.32037765502929716,0.32037765502929716
2016-05-27,53.0,52.18974,0.8102607727050781,0.8102607727050781
2016-05-31,52.85,52.111927,0.7380729675292983,0.7380729675292983
2016-06-01,52.48,52.843655,-0.3636546325683625,0.3636546325683625
2016-06-02,51.79,52.073906,-0.2839059448242196,0.2839059448242196
2016-06-03,52.13,51.931255,0.19874465942383068,0.19874465942383068
2016-06-06,52.1,51.991238,0.10876235961914205,0.10876235961914205
2016-06-07,52.04,51.970547,0.06945327758788977,0.06945327758788977
2016-06-08,51.62,51.738,-0.11799896240234631,0.11799896240234631
2016-06-09,51.48,51.846115,-0.3661151123046906,0.3661151123046906
2016-06-10,50.14,51.669456,-1.5294564819335932,1.5294564819335932
2016-06-13,49.83,50.523155,-0.6931552124023455,0.6931552124023455
2016-06-14,49.69,50.34593,-0.6559281921386741,0.6559281921386741
2016-06-15,50.39,50.297985,0.0920149230957037,0.0920149230957037
2016-06-16,50.13,50.535965,-0.40596496582030994,0.40596496582030994
2016-06-17,50.07,50.654594,-0.5845944213867185,0.5845944213867185
2016-06-20,51.19,51.01167,0.17833084106445085,0.17833084106445085
2016-06-21,50.99,51.48603,-0.49603057861327926,0.49603057861327926
2016-06-22,51.91,51.31912,0.5908815002441372,0.5908815002441372
2016-06-23,49.83,52.031204,-2.201204223632814,2.201204223632814
2016-06-24,48.43,50.236538,-1.8065379333496097,1.8065379333496097
2016-06-27,49.44,49.573242,-0.13324218750000227,0.13324218750000227
2016-06-28,50.54,49.97683,0.5631704711914054,0.5631704711914054
2016-06-29,51.17,50.295788,0.8742121887207048,0.8742121887207048
2016-06-30,51.16,51.38566,-0.22565826416015966,0.22565826416015966
2016-07-01,51.17,51.37749,-0.20749099731445142,0.20749099731445142
2016-07-05,51.38,51.609154,-0.2291537475585912,0.2291537475585912
2016-07-06,51.38,51.64499,-0.26498901367187244,0.26498901367187244
2016-07-07,52.3,51.667103,0.632897186279294,0.632897186279294
2016-07-08,52.59,52.26818,0.32181915283203466,0.32181915283203466
2016-07-11,53.21,52.80074,0.4092607116699227,0.4092607116699227
2016-07-12,53.51,53.213856,0.2961442565917949,0.2961442565917949
2016-07-13,53.74,53.11186,0.6281416320800801,0.6281416320800801
2016-07-14,53.7,53.12809,0.5719100952148466,0.5719100952148466
2016-07-15,53.96,53.11899,0.8410081481933602,0.8410081481933602
2016-07-18,53.09,53.14099,-0.05099121093749659,0.05099121093749659
2016-07-19,55.91,53.34323,2.5667687988281216,2.5667687988281216
2016-07-20,55.8,54.929363,0.8706367492675753,0.8706367492675753
2016-07-21,56.57,54.72891,1.841091461181641,1.841091461181641
2016-07-22,56.73,55.347214,1.3827862548828094,1.3827862548828094
2016-07-25,56.76,55.363865,1.3961351013183574,1.3961351013183574
2016-07-26,56.19,55.805153,0.3848471069335915,0.3848471069335915
2016-07-27,56.21,55.61956,0.5904397583007821,0.5904397583007821
2016-07-28,56.68,55.180584,1.4994160461425778,1.4994160461425778
2016-07-29,56.58,55.636963,0.9430371093749983,0.9430371093749983
2016-08-01,56.58,55.606266,0.9737339782714827,0.9737339782714827
2016-08-02,56.97,55.46653,1.5034701538085926,1.5034701538085926
2016-08-03,57.39,55.043346,2.3466535949707037,2.3466535949707037
2016-08-04,57.96,55.10515,2.8548516845703134,2.8548516845703134
2016-08-05,58.06,55.131237,2.9287629699707054,2.9287629699707054
2016-08-08,58.2,55.021744,3.1782562255859403,3.1782562255859403
2016-08-09,58.02,55.064445,2.9555545043945344,2.9555545043945344
2016-08-10,58.3,55.143955,3.1560447692871065,3.1560447692871065
2016-08-11,57.94,54.816345,3.1236547851562477,3.1236547851562477
2016-08-12,58.12,55.102932,3.017068023681638,3.017068023681638
2016-08-15,57.44,54.79589,2.644109191894529,2.644109191894529
2016-08-16,57.56,55.04297,2.5170312500000023,2.5170312500000023
2016-08-17,57.6,54.530228,3.069772338867189,3.069772338867189
2016-08-18,57.62,55.081646,2.5383540344238256,2.5383540344238256
2016-08-19,57.67,55.124348,2.5456523132324236,2.5456523132324236
2016-08-22,57.89,55.104424,2.785576477050782,2.785576477050782
2016-08-23,57.95,57.623283,0.3267166137695341,0.3267166137695341
2016-08-24,58.17,57.717407,0.4525927734375017,0.4525927734375017
2016-08-25,58.03,57.659595,0.370404510498048,0.370404510498048
2016-08-26,58.1,57.56649,0.5335098266601577,0.5335098266601577
2016-08-29,57.89,57.676174,0.2138258361816412,0.2138258361816412
2016-08-30,57.46,57.670273,-0.21027282714843665,0.21027282714843665
2016-08-31,57.59,57.540222,0.04977783203125341,0.04977783203125341
2016-09-01,57.67,57.48717,0.18282882690429858,0.18282882690429858
2016-09-02,57.61,57.58771,0.022288665771483807,0.022288665771483807
2016-09-06,57.66,57.691067,-0.031066741943362786,0.031066741943362786
2016-09-07,57.43,57.688663,-0.2586634826660159,0.2586634826660159
2016-09-08,56.21,57.53432,-1.3243208312988273,1.3243208312988273
2016-09-09,57.05,56.934547,0.11545257568359091,0.11545257568359091
2016-09-12,56.53,56.403103,0.12689712524414176,0.12689712524414176
2016-09-13,56.26,56.53281,-0.2728102111816426,0.2728102111816426
2016-09-14,57.19,56.48202,0.7079786682128884,0.7079786682128884
2016-09-15,57.25,56.79567,0.4543304443359375,0.4543304443359375
2016-09-16,56.93,57.084656,-0.15465576171875028,0.15465576171875028
2016-09-19,56.81,57.23779,-0.4277891540527321,0.4277891540527321
2016-09-20,57.76,57.281246,0.47875381469726364,0.47875381469726364
2016-09-21,57.82,57.32231,0.4976885986328128,0.4976885986328128
2016-09-22,57.43,57.5166,-0.08660156250000028,0.08660156250000028
2016-09-23,56.9,57.089672,-0.1896720886230483,0.1896720886230483
2016-09-26,57.95,56.930546,1.0194541931152372,1.0194541931152372
2016-09-27,58.03,57.40956,0.6204388427734386,0.6204388427734386
2016-09-28,57.4,57.495678,-0.0956779479980483,0.0956779479980483
2016-09-29,57.6,57.06296,0.5370384216308608,0.5370384216308608
2016-09-30,57.42,57.26858,0.15141860961914233,0.15141860961914233
2016-10-03,57.24,57.04714,0.19286178588867386,0.19286178588867386
2016-10-04,57.64,57.14318,0.4968191528320318,0.4968191528320318
2016-10-05,57.74,57.53129,0.20871185302734574,0.20871185302734574
2016-10-06,57.8,57.706184,0.09381561279296591,0.09381561279296591
2016-10-07,58.04,57.581944,0.4580564880371085,0.4580564880371085
2016-10-10,57.19,57.78347,-0.593470153808596,0.593470153808596
2016-10-11,57.11,57.132717,-0.022717132568359943,0.022717132568359943
2016-10-12,56.92,56.78675,0.13324920654297046,0.13324920654297046
2016-10-13,57.42,56.98597,0.43403045654297046,0.43403045654297046
2016-10-14,57.22,57.129288,0.09071228027343636,0.09071228027343636
2016-10-17,57.66,57.111523,0.5484773254394497,0.5484773254394497
2016-10-18,57.53,57.54323,-0.013228149414061363,0.013228149414061363
2016-10-19,57.25,57.63353,-0.3835296630859375,0.3835296630859375
2016-10-20,59.66,57.197166,2.462833557128903,2.462833557128903
2016-10-21,61.0,57.588665,3.411334991455078,3.411334991455078
2016-10-24,60.99,57.647415,3.3425848388671895,3.3425848388671895
2016-10-25,60.63,57.441032,3.188967590332034,3.188967590332034
2016-10-26,60.1,57.383423,2.7165771484375014,2.7165771484375014
2016-10-27,59.87,57.322727,2.547272796630857,2.547272796630857
2016-10-28,59.92,57.516743,2.4032572937011736,2.4032572937011736
2016-10-31,59.8,57.654396,2.145603942871091,2.145603942871091
2016-11-01,59.43,57.67776,1.7522389221191403,1.7522389221191403
2016-11-02,59.21,57.56535,1.644650421142579,1.644650421142579
2016-11-03,58.71,57.631477,1.0785226440429696,1.0785226440429696
2016-11-04,60.42,57.658985,2.7610148620605486,2.7610148620605486
2016-11-07,60.47,57.60128,2.868719787597655,2.868719787597655
2016-11-08,60.17,57.58332,2.5866793823242205,2.5866793823242205
2016-11-09,58.7,57.479744,1.2202560424804716,1.2202560424804716
2016-11-10,59.02,57.318096,1.7019038391113313,1.7019038391113313
2016-11-11,58.12,57.457355,0.6626445007324193,0.6626445007324193
2016-11-14,58.87,57.308765,1.5612345886230443,1.5612345886230443
2016-11-15,59.65,57.468296,2.181703948974608,2.181703948974608
2016-11-16,60.64,59.286957,1.3530432128906256,1.3530432128906256
2016-11-17,60.35,59.960125,0.38987503051757955,0.38987503051757955
2016-11-18,60.86,59.90673,0.9532693481445307,0.9532693481445307
2016-11-21,61.12,59.863087,1.2569132995605443,1.2569132995605443
2016-11-22,60.4,59.820965,0.5790351867675767,0.5790351867675767
2016-11-23,60.53,59.818462,0.7115376281738293,0.7115376281738293
2016-11-25,60.61,59.79495,0.8150514221191401,0.8150514221191401
2016-11-28,61.09,59.748325,1.3416746520996128,1.3416746520996128
2016-11-29,60.26,59.738754,0.5212457275390605,0.5212457275390605
2016-11-30,59.2,59.822327,-0.6223266601562472,0.6223266601562472
2016-12-01,59.25,59.130695,0.11930465698242188,0.11930465698242188
2016-12-02,60.22,59.01562,1.2043788146972645,1.2043788146972645
2016-12-05,59.95,59.8584,0.09160156250000284,0.09160156250000284
2016-12-06,61.37,59.804787,1.5652133178710912,1.5652133178710912
2016-12-07,61.01,59.865772,1.1442277526855449,1.1442277526855449
2016-12-08,61.97,59.77185,2.198149414062499,2.198149414062499
2016-12-09,62.17,59.722187,2.4478129577636736,2.4478129577636736
2016-12-12,62.98,59.750458,3.229542236328122,3.229542236328122
2016-12-13,62.68,59.805775,2.8742253112792966,2.8742253112792966
2016-12-14,62.58,59.812378,2.7676220703124983,2.7676220703124983
2016-12-15,62.3,62.068153,0.2318466186523409,0.2318466186523409
2016-12-16,63.62,61.724854,1.8951464843749974,1.8951464843749974
2016-12-19,63.54,61.982704,1.557295837402343,1.557295837402343
2016-12-20,63.54,62.085682,1.454318084716796,1.454318084716796
2016-12-21,63.55,62.08741,1.462590026855466,1.462590026855466
2016-12-22,63.24,62.065342,1.1746580505371114,1.1746580505371114
2016-12-23,63.28,61.95721,1.3227894592285168,1.3227894592285168
2016-12-27,62.99,61.959625,1.030374755859377,1.030374755859377
2016-12-28,62.9,61.91873,0.9812683105468736,0.9812683105468736
2016-12-29,62.14,61.740753,0.39924682617187557,0.39924682617187557
2016-12-30,62.58,61.83481,0.7451916503906233,0.7451916503906233
2017-01-03,62.3,62.046314,0.25368576049804403,0.25368576049804403
2017-01-04,62.3,61.91873,0.38126831054687216,0.38126831054687216
2017-01-05,62.84,61.917934,0.922065582275394,0.922065582275394
2017-01-06,62.64,62.020767,0.6192327880859381,0.6192327880859381
2017-01-09,62.62,61.9401,0.6798983764648412,0.6798983764648412
2017-01-10,63.19,61.940002,1.2499975585937477,1.2499975585937477
2017-01-11,62.61,61.9515,0.6585000610351557,0.6585000610351557
2017-01-12,62.7,61.95731,0.7426902770996122,0.7426902770996122
2017-01-13,62.53,61.740753,0.7892468261718761,0.7892468261718761
2017-01-17,62.5,62.65617,-0.15616989135742188,0.15616989135742188
2017-01-18,62.3,62.619236,-0.31923599243164347,0.31923599243164347
2017-01-19,62.74,62.67327,0.06672882080078324,0.06672882080078324
2017-01-20,62.96,62.551273,0.4087266540527352,0.4087266540527352
2017-01-23,63.52,62.65355,0.8664508056640656,0.8664508056640656
2017-01-24,63.68,62.95366,0.7263409423828122,0.7263409423828122
2017-01-25,64.27,62.95366,1.3163409423828085,1.3163409423828085
2017-01-26,65.78,62.969654,2.810345916748048,2.810345916748048
2017-01-27,65.13,62.972023,2.157976989746089,2.157976989746089
2017-01-30,64.65,62.812943,1.8370574951171932,1.8370574951171932
2017-01-31,63.58,62.75224,0.8277607727050764,0.8277607727050764
2017-02-01,63.17,62.493584,0.676416320800783,0.676416320800783
2017-02-02,63.68,62.75058,0.9294201660156247,0.9294201660156247
2017-02-03,63.64,62.805832,0.8341680908203131,0.8341680908203131
2017-02-06,63.43,62.93708,0.49291961669921847,0.49291961669921847
2017-02-07,63.34,62.954506,0.38549407958984716,0.38549407958984716
2017-02-08,64.06,63.004948,1.0550523376464866,1.0550523376464866
2017-02-09,64.0,62.888496,1.1115036010742188,1.1115036010742188
2017-02-10,64.72,62.885376,1.8346240234374989,1.8346240234374989
2017-02-13,64.57,62.93883,1.63116867065429,1.63116867065429
2017-02-14,64.53,64.315765,0.21423461914062614,0.21423461914062614
2017-02-15,64.52,64.163795,0.35620452880858977,0.35620452880858977
2017-02-16,64.62,64.219345,0.40065490722656705,0.40065490722656705
2017-02-17,64.49,64.26843,0.22156738281249488,0.22156738281249488
2017-02-21,64.36,64.25132,0.10868011474609318,0.10868011474609318
2017-02-22,64.62,64.23862,0.38138305664062955,0.38138305664062955
2017-02-23,64.62,64.231094,0.38890563964844205,0.38890563964844205
2017-02-24,64.23,64.27467,-0.04467346191405852,0.04467346191405852
2017-02-27,63.98,64.21877,-0.23877288818359688,0.23877288818359688
2017-02-28,64.94,64.120346,0.8196539306640602,0.8196539306640602
2017-03-01,64.01,64.11651,-0.10650848388671363,0.10650848388671363
2017-03-02,64.25,64.060425,0.1895751953125,0.1895751953125
2017-03-03,64.27,63.965824,0.3041758728027304,0.3041758728027304
2017-03-06,64.4,64.18677,0.21323242187500568,0.21323242187500568
2017-03-07,64.99,64.11106,0.8789389038085886,0.8789389038085886
2017-03-08,64.73,64.22262,0.5073818969726602,0.5073818969726602
2017-03-09,64.93,64.35295,0.5770489501953193,0.5770489501953193
2017-03-10,64.71,64.26737,0.4426278686523375,0.4426278686523375
2017-03-13,64.41,64.30343,0.10657135009765284,0.10657135009765284
2017-03-14,64.75,64.17361,0.5763931274414062,0.5763931274414062
2017-03-15,64.64,64.363266,0.27673400878906307,0.27673400878906307
2017-03-16,64.87,64.3162,0.5537997436523483,0.5537997436523483
2017-03-17,64.93,64.93833,-0.008331604003899429,0.008331604003899429
2017-03-20,64.21,64.41886,-0.2088613891601625,0.2088613891601625
2017-03-21,65.03,64.345505,0.6844952392578136,0.6844952392578136
2017-03-22,64.87,64.30741,0.5625888061523483,0.5625888061523483
2017-03-23,64.98,64.33707,0.642933349609379,0.642933349609379
2017-03-24,65.1,64.34665,0.7533508300781193,0.7533508300781193
2017-03-27,65.29,64.37243,0.9175711059570375,0.9175711059570375
2017-03-28,65.47,64.47562,0.9943835449218739,0.9943835449218739
2017-03-29,65.71,64.4503,1.2596978759765562,1.2596978759765562
2017-03-30,65.86,64.29042,1.569579467773437,1.569579467773437
2017-03-31,65.55,64.27622,1.273777770996091,1.273777770996091
2017-04-03,65.73,64.24884,1.481159667968754,1.481159667968754
2017-04-04,65.56,64.21864,1.3413568115234398,1.3413568115234398
2017-04-05,65.73,64.04733,1.682667236328129,1.682667236328129
2017-04-06,65.68,64.25193,1.4280697631836006,1.4280697631836006
2017-04-07,65.53,64.215996,1.3140042114257824,1.3140042114257824
2017-04-10,65.48,64.23917,1.240833740234379,1.240833740234379
2017-04-11,65.23,64.21059,1.0194134521484415,1.0194134521484415
2017-04-12,64.95,65.24297,-0.2929733276367159,0.2929733276367159
2017-04-13,65.48,65.19649,0.2835125732421915,0.2835125732421915
2017-04-17,65.39,65.27599,0.11400665283203182,0.11400665283203182
2017-04-18,65.04,65.25005,-0.2100534057617125,0.2100534057617125
2017-04-19,65.5,65.115486,0.38451385498046875,0.38451385498046875
2017-04-20,66.4,65.26114,1.1388610839843807,1.1388610839843807
2017-04-21,67.53,65.255516,2.2744839477539074,2.2744839477539074
2017-04-24,67.92,65.22456,2.695436401367189,2.695436401367189
2017-04-25,67.83,65.26415,2.5658474731445295,2.5658474731445295
2017-04-26,68.27,65.28126,2.9887423706054648,2.9887423706054648
2017-04-27,68.46,65.297005,3.1629953002929625,3.1629953002929625
2017-04-28,69.41,65.24194,4.168056640624997,4.168056640624997
2017-05-01,69.3,65.351524,3.9484756469726534,3.9484756469726534
2017-05-02,69.08,65.30761,3.7723904418945295,3.7723904418945295
2017-05-03,68.81,65.29899,3.511011657714846,3.511011657714846
2017-05-04,69.0,65.199745,3.8002548217773438,3.8002548217773438
2017-05-05,68.94,65.21376,3.7262396240234352,3.7262396240234352
2017-05-08,69.04,65.31472,3.7252798461914125,3.7252798461914125
2017-05-09,69.31,65.3667,3.9433007812500023,3.9433007812500023
2017-05-10,68.46,65.38164,3.0783624267578062,3.0783624267578062
2017-05-11,68.38,68.52458,-0.14458190917969205,0.14458190917969205
2017-05-12,68.43,68.429535,0.0004650878906318212,0.0004650878906318212
2017-05-15,69.41,68.245995,1.1640054321289028,1.1640054321289028
2017-05-16,67.48,68.510765,-1.0307650756835898,1.0307650756835898
2017-05-17,67.71,68.35707,-0.6470709228515688,0.6470709228515688
2017-05-18,67.69,67.446556,0.24344390869140398,0.24344390869140398
2017-05-19,68.45,67.703476,0.7465240478515653,0.7465240478515653
2017-05-22,68.68,67.902245,0.7777554321289131,0.7777554321289131
2017-05-23,68.77,68.724495,0.04550506591796477,0.04550506591796477
2017-05-24,69.62,68.70762,0.9123812866210983,0.9123812866210983
2017-05-25,69.96,68.84774,1.11225982666015,1.11225982666015
2017-05-26,70.41,68.789604,1.6203958129882778,1.6203958129882778
2017-05-30,69.84,68.75524,1.0847586059570347,1.0847586059570347
2017-05-31,70.1,68.74316,1.3568435668945256,1.3568435668945256
2017-06-01,71.76,68.77545,2.984548339843755,2.984548339843755
2017-06-02,72.28,68.760666,3.5193341064453136,3.5193341064453136
2017-06-05,72.52,68.77296,3.7470431518554648,3.7470431518554648
2017-06-06,72.39,68.65633,3.733673706054688,3.733673706054688
2017-06-07,71.95,68.74006,3.2099411010742216,3.2099411010742216
2017-06-08,70.32,68.73477,1.5852282714843682,1.5852282714843682
2017-06-09,69.78,71.01036,-1.2303607177734364,1.2303607177734364
2017-06-12,70.65,70.54648,0.10352172851563068,0.10352172851563068
2017-06-13,70.27,71.32691,-1.0569119262695352,1.0569119262695352
2017-06-14,69.9,71.033585,-1.1335845947265568,1.1335845947265568
2017-06-15,70.0,70.76685,-0.7668533325195312,0.7668533325195312
2017-06-16,70.87,71.15176,-0.2817562866210892,0.2817562866210892
2017-06-19,69.91,71.30177,-1.391773071289066,1.391773071289066
2017-06-20,70.27,70.92308,-0.6530804443359415,0.6530804443359415
2017-06-21,70.26,71.33439,-1.0743887329101511,1.0743887329101511
2017-06-22,71.21,71.38461,-0.17461303710938125,0.17461303710938125
2017-06-23,70.53,71.265335,-0.7353350830078114,0.7353350830078114
2017-06-26,69.21,70.88941,-1.6794119262695375,1.6794119262695375
2017-06-27,69.8,70.737434,-0.9374343872070341,0.9374343872070341
2017-06-28,68.49,70.72804,-2.2380426025390676,2.2380426025390676
2017-06-29,68.93,69.01022,-0.08022338867186818,0.08022338867186818
2017-06-30,68.17,69.35815,-1.188146667480467,1.188146667480467
2017-07-03,69.08,68.63355,0.44644744873046704,0.44644744873046704
2017-07-05,68.57,68.8617,-0.29170196533203807,0.29170196533203807
2017-07-06,69.46,68.87225,0.5877465820312437,0.5877465820312437
2017-07-07,69.98,69.35627,0.6237301635742227,0.6237301635742227
2017-07-10,69.99,69.81291,0.17708801269530738,0.17708801269530738
2017-07-11,71.15,70.236305,0.9136947631835994,0.9136947631835994
2017-07-12,71.77,70.331856,1.4381442260742148,1.4381442260742148
2017-07-13,72.78,71.049706,1.7302944946289074,1.7302944946289074
2017-07-14,73.35,71.43411,1.9158874511718693,1.9158874511718693
2017-07-17,73.3,71.40098,1.899021911621091,1.899021911621091
2017-07-18,73.86,71.596504,2.263495788574218,2.263495788574218
2017-07-19,74.22,71.57347,2.6465289306640614,2.6465289306640614
2017-07-20,73.79,71.6445,2.1454992675781313,2.1454992675781313
2017-07-21,73.6,71.69207,1.9079299926757756,1.9079299926757756
2017-07-24,74.19,71.55343,2.636571350097654,2.636571350097654
2017-07-25,74.05,71.48242,2.567578124999997,2.567578124999997
2017-07-26,73.16,71.46364,1.696361694335934,1.696361694335934
2017-07-27,73.04,71.00326,2.0367422485351625,2.0367422485351625
2017-07-28,72.7,71.43265,1.2673522949218778,1.2673522949218778
2017-07-31,72.58,71.32601,1.2539883422851545,1.2539883422851545
2017-08-01,72.26,71.50586,0.7541406250000051,0.7541406250000051
2017-08-02,72.15,71.102135,1.047865295410162,1.047865295410162
2017-08-03,72.68,71.28956,1.3904415893554756,1.3904415893554756
2017-08-04,72.4,71.508,0.8919967651367244,0.8919967651367244
2017-08-07,72.79,72.27144,0.5185614013671938,0.5185614013671938
2017-08-08,72.47,72.7711,-0.30110290527343864,0.30110290527343864
2017-08-09,71.41,72.26661,-0.8566091918945347,0.8566091918945347
2017-08-10,72.5,71.88004,0.6199569702148438,0.6199569702148438
2017-08-11,73.59,72.111115,1.4788854980468784,1.4788854980468784
2017-08-14,73.22,72.32549,0.8945071411132801,0.8945071411132801
2017-08-15,73.65,72.402626,1.2473739624023494,1.2473739624023494
2017-08-16,72.4,72.2815,0.11849822998047443,0.11849822998047443
2017-08-17,72.49,71.62476,0.8652365112304636,0.8652365112304636
2017-08-18,72.15,71.53077,0.6192306518554744,0.6192306518554744
2017-08-21,73.16,72.03923,1.120769653320309,1.120769653320309
2017-08-22,72.72,71.93533,0.7846667480468739,0.7846667480468739
2017-08-23,72.69,72.2756,0.414403381347654,0.414403381347654
2017-08-24,72.82,72.58272,0.23728210449218068,0.23728210449218068
2017-08-25,72.83,72.945755,-0.1157550048828142,0.1157550048828142
2017-08-28,73.05,72.80525,0.24474792480468466,0.24474792480468466
2017-08-29,74.01,72.771904,1.2380960083007864,1.2380960083007864
2017-08-30,74.77,73.25971,1.5102877807617148,1.5102877807617148
2017-08-31,73.94,73.52411,0.4158911132812477,0.4158911132812477
2017-09-01,73.61,72.9669,0.6430963134765619,0.6430963134765619
2017-09-05,73.4,73.30824,0.09175720214844318,0.09175720214844318
2017-09-06,74.34,73.34304,0.9969595336914097,0.9969595336914097
2017-09-07,73.98,73.330605,0.6493954467773477,0.6493954467773477
2017-09-08,74.76,73.3309,1.4290979003906301,1.4290979003906301
2017-09-11,74.68,73.49876,1.1812435913086006,1.1812435913086006
2017-09-12,75.21,73.33316,1.8768395996093687,1.8768395996093687
2017-09-13,74.77,73.421295,1.348704833984371,1.348704833984371
2017-09-14,75.31,73.40813,1.9018731689453148,1.9018731689453148
2017-09-15,75.16,73.442314,1.7176858520507778,1.7176858520507778
2017-09-18,75.44,73.35257,2.0874304199218727,2.0874304199218727
2017-09-19,74.94,73.38764,1.5523580932617165,1.5523580932617165
2017-09-20,74.21,73.37912,0.8308801269531187,0.8308801269531187
2017-09-21,74.41,73.14207,1.2679330444335903,1.2679330444335903
2017-09-22,73.26,73.3174,-0.057398071289057384,0.057398071289057384
2017-09-25,73.26,73.20958,0.050420532226567616,0.050420532226567616
2017-09-26,73.85,73.37631,0.4736877441406193,0.4736877441406193
2017-09-27,73.87,73.366356,0.5036441040039108,0.5036441040039108
2017-09-28,74.49,73.548195,0.9418051147460886,0.9418051147460886
2017-09-29,74.61,73.34731,1.2626870727539057,1.2626870727539057
2017-10-02,74.26,73.41801,0.8419931030273489,0.8419931030273489
2017-10-03,74.69,74.394806,0.2951940917968727,0.2951940917968727
2017-10-04,75.97,74.222176,1.7478244018554676,1.7478244018554676
2017-10-05,76.0,74.84378,1.156219482421875,1.156219482421875
2017-10-06,76.29,74.705734,1.5842657470703188,1.5842657470703188
2017-10-09,76.29,74.4848,1.8051977539062563,1.8051977539062563
2017-10-10,76.42,74.30201,2.1179904174804705,2.1179904174804705
2017-10-11,77.12,74.30201,2.8179904174804733,2.8179904174804733
2017-10-12,77.49,74.342354,3.1476461791992136,3.1476461791992136
2017-10-13,77.65,74.29056,3.3594421386718807,3.3594421386718807
2017-10-16,77.59,74.035545,3.5544546508789097,3.5544546508789097
2017-10-17,77.61,73.9698,3.640197143554687,3.640197143554687
2017-10-18,77.91,74.30201,3.6079904174804653,3.6079904174804653
2017-10-19,78.81,74.231064,4.578936157226565,4.578936157226565
2017-10-20,78.83,74.254776,4.575223999023436,4.575223999023436
2017-10-23,78.86,74.224815,4.635184631347656,4.635184631347656
2017-10-24,78.63,74.251785,4.378214721679683,4.378214721679683
2017-10-25,78.76,74.27661,4.483388671875005,4.483388671875005
2017-10-26,83.81,74.22078,9.58922058105469,9.58922058105469
2017-10-27,83.89,74.00797,9.882027282714844,9.882027282714844
2017-10-30,83.18,74.14919,9.030807189941413,9.030807189941413
2017-10-31,83.18,82.573204,0.6067959594726631,0.6067959594726631
2017-11-01,84.05,82.22287,1.8271301269531222,1.8271301269531222
2017-11-02,84.14,82.663994,1.4760061645507818,1.4760061645507818
2017-11-03,84.47,82.26438,2.2056185913085926,2.2056185913085926
2017-11-06,84.27,82.21198,2.0580172729492148,2.0580172729492148
2017-11-07,84.56,82.079285,2.4807153320312523,2.4807153320312523
2017-11-08,84.09,82.26043,1.8295706176757847,1.8295706176757847
2017-11-09,83.87,82.36281,1.507191772460942,1.507191772460942
2017-11-10,83.93,82.2247,1.7052990722656318,1.7052990722656318
2017-11-13,84.05,82.26732,1.7826812744140597,1.7826812744140597
2017-11-14,82.98,82.26732,0.7126812744140665,0.7126812744140665
2017-11-15,83.2,82.21171,0.9882919311523466,0.9882919311523466
2017-11-16,82.4,82.47195,-0.07194671630858807,0.07194671630858807
2017-11-17,82.53,82.209206,0.3207943725585949,0.3207943725585949
2017-11-20,83.72,82.29412,1.4258792114257801,1.4258792114257801
2017-11-21,83.11,82.44251,0.6674874877929682,0.6674874877929682
2017-11-22,83.26,82.16411,1.0958917236328176,1.0958917236328176
2017-11-24,83.87,82.25144,1.6185580444335983,1.6185580444335983
2017-11-27,84.88,82.198326,2.6816738891601517,2.6816738891601517
2017-11-28,83.34,82.39167,0.9483297729492222,0.9483297729492222
2017-11-29,84.17,83.55657,0.613428039550783,0.613428039550783
2017-11-30,84.26,83.58341,0.6765878295898489,0.6765878295898489
2017-12-01,81.08,83.73274,-2.652742309570314,2.652742309570314
2017-12-04,81.59,83.042694,-1.4526940917968716,1.4526940917968716
2017-12-05,82.78,83.11001,-0.3300082397460926,0.3300082397460926
2017-12-06,82.49,83.02702,-0.5370233154296926,0.5370233154296926
2017-12-07,84.16,83.25178,0.9082223510742153,0.9082223510742153
2017-12-08,85.23,83.73376,1.4962429809570352,1.4962429809570352
2017-12-11,85.58,83.57143,2.008573608398436,2.008573608398436
2017-12-12,85.35,83.76369,1.5863128662109318,1.5863128662109318
2017-12-13,84.69,83.812256,0.8777441406249977,0.8777441406249977
2017-12-14,86.85,83.52646,3.3235412597656193,3.3235412597656193
2017-12-15,86.38,83.47958,2.9004162597656205,2.9004162597656205
2017-12-18,85.83,83.62583,2.204168395996092,2.204168395996092
2017-12-19,85.52,83.58629,1.9337115478515585,1.9337115478515585
2017-12-20,85.5,83.664024,1.8359756469726562,1.8359756469726562
2017-12-21,85.51,83.728294,1.7817056274414114,1.7817056274414114
2017-12-22,85.4,83.77924,1.6207565307617244,1.6207565307617244
2017-12-26,85.71,83.76615,1.9438485717773375,1.9438485717773375
2017-12-27,85.72,83.77924,1.9407565307617176,1.9407565307617176
2017-12-28,85.54,85.22996,0.3100424194336,0.3100424194336
2017-12-29,85.95,85.35315,0.5968505859375028,0.5968505859375028
2018-01-02,86.35,85.26598,1.0840164184570256,1.0840164184570256
2018-01-03,87.11,85.14279,1.9672082519531244,1.9672082519531244
2018-01-04,88.19,85.1204,3.0696005249023415,3.0696005249023415
2018-01-05,88.28,85.06313,3.2168667602539074,3.2168667602539074
2018-01-08,88.22,84.890526,3.329474182128905,3.329474182128905
2018-01-09,87.82,84.86302,2.9569781494140557,2.9569781494140557
2018-01-10,88.08,85.137474,2.9425259399414045,2.9425259399414045
2018-01-11,89.6,85.18811,4.411889648437494,4.411889648437494
2018-01-12,88.35,84.97929,3.370713806152338,3.370713806152338
2018-01-16,90.14,84.89293,5.247070922851563,5.247070922851563
2018-01-17,90.1,85.031784,5.068215942382807,5.068215942382807
2018-01-18,90.0,85.00851,4.991493225097656,4.991493225097656
2018-01-19,91.61,85.29138,6.318618164062499,6.318618164062499
2018-01-22,91.9,85.529976,6.370024108886724,6.370024108886724
2018-01-23,91.82,85.35126,6.468742675781243,6.468742675781243
2018-01-24,92.33,85.0669,7.263097839355467,7.263097839355467
2018-01-25,94.06,85.52437,8.53563171386719,8.53563171386719
2018-01-26,93.92,85.247925,8.672075195312502,8.672075195312502
